id,true_0,score_0,score_1,score_2,score_3,score_4
0,0.0,0.9987974,0.0008901347,0.00015497376,0.00010285958,5.4486318e-05
1,0.0,0.52843106,0.13216648,0.17595479,0.099069975,0.06437771
2,3.0,0.18125933,0.20617366,0.22275913,0.271436,0.118371926
3,3.0,0.18130766,0.1482424,0.2740087,0.26786667,0.12857457
4,2.0,0.31035152,0.31302962,0.23410006,0.08451425,0.058004513
5,1.0,0.1844201,0.2174227,0.2543849,0.22690281,0.116869465
6,2.0,0.16636495,0.17733394,0.34041747,0.18701717,0.12886651
7,0.0,0.9151572,0.07350667,0.0022975286,0.007978729,0.0010599043
8,0.0,0.98843455,0.0064101275,0.0028258178,0.001589252,0.00074023934
9,0.0,0.96841305,0.014947367,0.011198894,0.002841755,0.002599019
10,0.0,0.25958985,0.16013992,0.24061069,0.23021112,0.109448396
11,0.0,0.581546,0.14190179,0.1492021,0.07178217,0.055567935
12,3.0,0.35220498,0.1613205,0.03354081,0.43073517,0.02219856
13,0.0,0.8506274,0.07949882,0.042076103,0.019446177,0.008351458
14,4.0,0.13266444,0.13257933,0.2528391,0.34101656,0.14090058
15,2.0,0.1847786,0.22861597,0.3732561,0.1017684,0.11158098
16,2.0,0.24980366,0.15440187,0.30209434,0.19680917,0.096890986
17,4.0,0.1570254,0.118574515,0.2534086,0.32495698,0.14603448
18,1.0,0.3632268,0.20411535,0.21069695,0.13142902,0.09053185
19,2.0,0.21253338,0.12919377,0.29694164,0.20788923,0.15344197
20,3.0,0.26783222,0.19416818,0.25773552,0.16595061,0.114313394
21,3.0,0.13175297,0.097632594,0.27231947,0.34735104,0.1509439
22,0.0,0.9910573,0.006667335,0.0011823747,0.00057615136,0.0005168396
23,0.0,0.97407,0.013660256,0.009348075,0.0012322225,0.0016894334
24,0.0,0.8846098,0.06275796,0.038533133,0.008121065,0.0059780446
25,4.0,0.7665329,0.11542312,0.058984265,0.03293232,0.026127419
26,0.0,0.98592305,0.008709673,0.0038438167,0.00078235526,0.0007410334
27,0.0,0.97959477,0.010985215,0.006970269,0.0012209798,0.0012287823
28,0.0,0.8016956,0.17010556,0.0054658893,0.021089116,0.0016438448
29,0.0,0.98869574,0.008119877,0.0019640466,0.0007543589,0.00046589284
30,1.0,0.4709293,0.21918023,0.20047091,0.06891035,0.04050916
31,3.0,0.23415749,0.123796776,0.26539686,0.2507647,0.12588419
32,0.0,0.99936706,0.00020509979,0.0002821357,6.8919726e-05,7.68139e-05
33,0.0,0.9717378,0.015608239,0.006535184,0.0047322414,0.0013865279
34,2.0,0.21615581,0.1296819,0.27319935,0.22113286,0.1598301
35,0.0,0.9970686,0.0021641806,0.00044528977,0.0001498308,0.00017219502
36,0.0,0.28459617,0.15673925,0.24583773,0.22157842,0.09124841
37,0.0,0.98590255,0.007268535,0.0047536385,0.0011824789,0.00089269935
38,0.0,0.9985122,0.0008935726,0.0003848842,0.00012815036,8.113326e-05
39,0.0,0.71122694,0.14659329,0.08016074,0.039167464,0.022851562
40,2.0,0.1928259,0.13107635,0.29224804,0.25200677,0.13184296
41,1.0,0.33210012,0.4165143,0.09735817,0.11939524,0.03463219
42,0.0,0.99473864,0.0034591816,0.0013332879,0.00020567948,0.00026318728
43,0.0,0.9932667,0.003010678,0.0023959877,0.00064767635,0.0006788942
44,4.0,0.25363943,0.1313459,0.23594685,0.2400477,0.13902017
45,0.0,0.9567618,0.029324606,0.0068743867,0.0044675427,0.0025716068
46,0.0,0.9992417,0.00042023507,0.0001190838,8.112666e-05,0.00013781448
47,4.0,0.43246347,0.14480996,0.18490382,0.12644562,0.11137719
48,4.0,0.25491455,0.16250566,0.25684133,0.18710722,0.13863127
49,2.0,0.22001204,0.13322206,0.26804188,0.2436021,0.1351219
50,0.0,0.9351463,0.040469307,0.010758254,0.010885401,0.0027406872
51,0.0,0.9293874,0.027091619,0.028966859,0.0077708676,0.006783241
52,4.0,0.52403337,0.13891359,0.18453953,0.087691605,0.06482192
53,0.0,0.9976736,0.0016529968,0.00022582023,0.00035426076,9.335237e-05
54,0.0,0.99501,0.002488088,0.00082606357,0.0012108738,0.00046493273
55,0.0,0.9991819,0.0005705733,0.00013156915,6.643176e-05,4.9445538e-05
56,0.0,0.9895614,0.0065957764,0.0025710594,0.0007567101,0.00051502755
57,0.0,0.99563664,0.0026901138,0.00082972756,0.00061790063,0.00022567468
58,0.0,0.2811537,0.22842982,0.25284263,0.15081511,0.08675871
59,0.0,0.9123356,0.05387913,0.013061375,0.014529114,0.006194779
60,3.0,0.24384938,0.12816818,0.2430961,0.24955441,0.13533194
61,0.0,0.98785406,0.0087020695,0.0021439544,0.00088345306,0.00041636635
62,2.0,0.21266368,0.17267023,0.3189782,0.18540815,0.110279776
63,3.0,0.19695719,0.17495073,0.2386907,0.27667543,0.112725906
64,3.0,0.6301733,0.1392778,0.03406475,0.18208404,0.01440007
65,1.0,0.3953546,0.28789005,0.18756542,0.086748995,0.042440906
66,1.0,0.29380208,0.62835187,0.019972878,0.05185755,0.0060156756
67,0.0,0.97983015,0.0120334765,0.005370119,0.0016629642,0.0011033079
68,1.0,0.24572182,0.1809567,0.19803323,0.24754038,0.12774792
69,0.0,0.9826852,0.009056776,0.00578897,0.0013799915,0.0010889565
70,1.0,0.22554412,0.13782024,0.25691167,0.24312085,0.13660312
71,3.0,0.19109775,0.14978385,0.23747031,0.30378217,0.11786594
72,0.0,0.41066343,0.17144161,0.2246475,0.11336373,0.07988374
73,0.0,0.9824739,0.010707377,0.004043478,0.0014728936,0.0013023629
74,0.0,0.90388465,0.045325402,0.03017071,0.011075412,0.009543865
75,4.0,0.27055442,0.3184381,0.166611,0.15889186,0.08550459
76,0.0,0.8861516,0.046198234,0.04584339,0.011786318,0.010020457
77,0.0,0.84190464,0.074179105,0.0352261,0.03799709,0.010693193
78,4.0,0.120372854,0.17686383,0.27433315,0.2715749,0.15685531
79,3.0,0.74328595,0.124569446,0.05414241,0.057959627,0.020042563
80,3.0,0.12870626,0.1018831,0.25661552,0.39231676,0.120478325
81,3.0,0.8518013,0.074540116,0.04367031,0.020631857,0.009356456
82,0.0,0.9979158,0.0016051538,0.0002945966,0.00010777237,7.6786964e-05
83,2.0,0.24737133,0.12008248,0.3266198,0.18294054,0.12298582
84,0.0,0.9823789,0.0115791,0.0040432764,0.0009956926,0.0010030168
85,0.0,0.9888003,0.0059123123,0.0038027654,0.00075875095,0.00072584796
86,0.0,0.38995194,0.21302861,0.19125837,0.13487022,0.07089088
87,1.0,0.46537223,0.1929959,0.17316268,0.10984168,0.05862748
88,1.0,0.27038443,0.16909896,0.2579346,0.18927999,0.11330198
89,3.0,0.11248736,0.17768255,0.28447685,0.3355854,0.08976783
90,0.0,0.9406857,0.033254676,0.016100395,0.0052108252,0.0047483873
91,3.0,0.15384702,0.111082315,0.30098957,0.3123769,0.12170425
92,1.0,0.18251614,0.3463871,0.19462587,0.22911903,0.04735187
93,1.0,0.96841174,0.021236528,0.004630737,0.0038069617,0.001913899
94,2.0,0.3383845,0.20466483,0.19213046,0.23200785,0.03281235
95,0.0,0.50450605,0.15734544,0.20290284,0.07877746,0.056468222
96,3.0,0.19599174,0.13467623,0.2604116,0.26878858,0.14013182
97,1.0,0.2232121,0.14263415,0.26690412,0.20394243,0.16330723
98,3.0,0.8298598,0.09358775,0.04195374,0.024093691,0.010504931
99,3.0,0.25170174,0.1593224,0.30956367,0.19674753,0.08266468
100,2.0,0.160365,0.15596122,0.32940328,0.23132464,0.12294587
101,0.0,0.8574448,0.07086768,0.04017268,0.019800344,0.011714478
102,0.0,0.9932488,0.0054135444,0.0008290495,0.00032323608,0.0001853567
103,0.0,0.5972681,0.14686857,0.15953757,0.049220894,0.04710485
104,0.0,0.99716514,0.0019967204,0.00044620206,0.0002481644,0.00014374645
105,3.0,0.3436566,0.26896545,0.18927777,0.12846614,0.06963403
106,0.0,0.99850863,0.0011664428,0.00012866019,0.00012349564,7.272206e-05
107,0.0,0.25690466,0.109054096,0.25124174,0.2619234,0.12087613
108,3.0,0.24430917,0.12999097,0.24889816,0.27270988,0.104091845
109,0.0,0.97735095,0.01482656,0.0057546305,0.0011495888,0.0009182994
110,3.0,0.13034555,0.17336951,0.27336693,0.29896224,0.12395579
111,0.0,0.9703443,0.019686384,0.006338337,0.0024788287,0.0011520886
112,0.0,0.98329955,0.0076628393,0.005520183,0.0020811278,0.0014363239
113,2.0,0.17510223,0.1360056,0.2563201,0.26349002,0.16908206
114,0.0,0.9932829,0.0028730338,0.0023114767,0.00089140097,0.00064122747
115,0.0,0.998966,0.00070971274,0.00016949637,8.687124e-05,6.7949266e-05
116,0.0,0.66605026,0.10832066,0.14253739,0.049913514,0.033178195
117,1.0,0.3278919,0.16423066,0.19742298,0.20538108,0.105073355
118,0.0,0.99803644,0.0014454586,0.00020738704,0.00016049611,0.00015026156
119,1.0,0.156769,0.14090465,0.2478026,0.35065943,0.1038643
120,0.0,0.99905306,0.0006109404,0.00014065785,0.00011239061,8.3022576e-05
121,0.0,0.99391454,0.0038145497,0.0011559671,0.0007328474,0.00038216796
122,0.0,0.9913948,0.0064415596,0.0015111883,0.00034077032,0.00031163372
123,0.0,0.9969592,0.001958453,0.00076036534,0.00016751458,0.00015452325
124,2.0,0.39983803,0.146126,0.24779627,0.12365942,0.082580306
125,0.0,0.31243533,0.29220736,0.21655178,0.10236854,0.07643696
126,4.0,0.3172226,0.18130517,0.24478965,0.15057275,0.10610984
127,0.0,0.9979017,0.0012377099,0.0006415808,0.00013828934,8.079203e-05
128,0.0,0.9867135,0.0061456324,0.004899321,0.0014397124,0.00080183585
129,0.0,0.9926563,0.005224325,0.001283223,0.00048803113,0.00034818889
130,0.0,0.798935,0.093404025,0.05389012,0.033397485,0.020373365
131,1.0,0.30150828,0.210195,0.2069046,0.19747356,0.083918594
132,0.0,0.9987513,0.00058361515,0.00027163947,0.00027343645,0.00011998829
133,1.0,0.329284,0.60988295,0.0149063645,0.04088193,0.0050446754
134,3.0,0.16091041,0.28409383,0.20796742,0.25495616,0.09207221
135,0.0,0.83363277,0.0553974,0.068999656,0.02788428,0.014085897
136,2.0,0.25304824,0.24826793,0.26184374,0.16912888,0.067711145
137,0.0,0.2891275,0.26538453,0.20188722,0.14698593,0.09661484
138,1.0,0.3828398,0.3693443,0.14221823,0.058711175,0.046886597
139,2.0,0.24653439,0.11353646,0.28167537,0.236601,0.12165275
140,0.0,0.97328556,0.012230709,0.010495371,0.0021304956,0.0018579306
141,0.0,0.92413765,0.033684213,0.016225966,0.0217598,0.0041923467
142,2.0,0.23182295,0.10906494,0.2838152,0.27440998,0.100886926
143,2.0,0.20954123,0.12371422,0.30752125,0.22394869,0.13527459
144,2.0,0.12690176,0.103807166,0.32273483,0.30532515,0.1412311
145,2.0,0.09923942,0.10921955,0.24926375,0.37120697,0.17107028
146,2.0,0.16360578,0.18997511,0.40585265,0.17045002,0.070116416
147,0.0,0.21728903,0.1834557,0.17506592,0.30159077,0.122598566
148,0.0,0.2554139,0.16458029,0.23741506,0.22464563,0.11794511
149,1.0,0.17582941,0.14354211,0.32087746,0.24619415,0.11355689
150,0.0,0.4301278,0.20177808,0.18982919,0.10965599,0.06860895
151,0.0,0.9937714,0.0037119722,0.0014033687,0.0005011124,0.00061217987
152,2.0,0.24500367,0.14161713,0.2662846,0.21559906,0.13149555
153,0.0,0.9463667,0.02816913,0.016976872,0.0047249994,0.003762339
154,3.0,0.20995359,0.13800356,0.2289003,0.3536138,0.06952874
155,3.0,0.18386611,0.12527885,0.2838611,0.24008362,0.16691026
156,0.0,0.94110286,0.028338464,0.01788427,0.007971114,0.0047033182
157,0.0,0.9196826,0.0462168,0.019556373,0.010390569,0.004153652
158,1.0,0.21734262,0.32729533,0.21465613,0.16725121,0.073454715
159,1.0,0.33857,0.16047199,0.23806326,0.15419184,0.10870287
160,0.0,0.9655575,0.021722408,0.0087121185,0.0015963278,0.0024117534
161,0.0,0.38441694,0.16064195,0.24599306,0.12041495,0.08853313
162,2.0,0.1534186,0.13297647,0.31960547,0.26188794,0.13211158
163,2.0,0.41507378,0.18810274,0.23576556,0.08839334,0.07266462
164,2.0,0.20848674,0.21399634,0.24657668,0.20365413,0.12728606
165,3.0,0.17555158,0.201099,0.2625508,0.25879303,0.10200561
166,3.0,0.12333219,0.088551484,0.30709296,0.34076732,0.14025605
167,0.0,0.9968009,0.0019104674,0.00059240096,0.00051831966,0.00017784914
168,0.0,0.99567246,0.0031099604,0.0006601468,0.000371311,0.00018614688
169,3.0,0.53849435,0.17454876,0.040477686,0.22889678,0.017582504
170,3.0,0.05762161,0.0980581,0.18636957,0.5893179,0.06863284
171,4.0,0.1988752,0.12572908,0.2672841,0.25060898,0.15750264
172,3.0,0.08027923,0.06908061,0.043309804,0.7844715,0.022858903
173,0.0,0.2553377,0.17329924,0.2736017,0.1692713,0.12849008
174,0.0,0.26989144,0.13686998,0.30320728,0.18657187,0.10345944
175,0.0,0.95510095,0.019966226,0.017237565,0.004274654,0.0034205369
176,0.0,0.88719285,0.07372109,0.024717081,0.009339897,0.005029068
177,0.0,0.9112297,0.047863882,0.021999717,0.011163298,0.007743336
178,1.0,0.28571352,0.18366107,0.3222377,0.12053556,0.08785213
179,1.0,0.25592384,0.14843579,0.26682568,0.17212355,0.15669107
180,0.0,0.3977626,0.13068384,0.216821,0.14257048,0.112162
181,2.0,0.48679438,0.25931317,0.13368858,0.09613574,0.024068067
182,0.0,0.94823486,0.02324402,0.017640429,0.0069526276,0.003928111
183,3.0,0.1442821,0.11141708,0.2614242,0.35881698,0.124059595
184,1.0,0.21966615,0.19660166,0.25300354,0.22868557,0.1020431
185,0.0,0.99013036,0.007385881,0.0010996014,0.0010558146,0.00032841667
186,2.0,0.3020456,0.36943397,0.1698672,0.104408875,0.054244313
187,3.0,0.3047387,0.31310028,0.14649826,0.20077099,0.03489184
188,2.0,0.27854902,0.112243295,0.25737023,0.24108516,0.11075236
189,4.0,0.12036684,0.09122057,0.26252663,0.351513,0.17437297
190,0.0,0.82775414,0.08359486,0.054725885,0.023083933,0.01084118
191,0.0,0.1937947,0.124407,0.27642184,0.22302252,0.18235388
192,4.0,0.12156153,0.12804608,0.2519333,0.35498556,0.14347349
193,0.0,0.99994946,1.5200604e-05,1.29504715e-05,1.1296819e-05,1.1126262e-05
194,0.0,0.99585754,0.0029152052,0.0007790278,0.00022509083,0.00022319012
195,0.0,0.97083974,0.020335525,0.004632158,0.002886368,0.0013062835
196,0.0,0.9927043,0.004935669,0.0013892932,0.00058504316,0.00038575364
197,2.0,0.105224326,0.10069254,0.31632116,0.34613913,0.13162282
198,0.0,0.99997306,6.44291e-06,1.0586631e-05,3.4850232e-06,6.466635e-06
199,2.0,0.89830893,0.050995078,0.036258563,0.007327882,0.0071095224
200,2.0,0.1314279,0.09984175,0.29699704,0.32887587,0.14285749
201,1.0,0.1837542,0.15682732,0.29851845,0.22712466,0.13377535
202,0.0,0.89165556,0.06850599,0.016861992,0.014747661,0.008228844
203,4.0,0.11962082,0.29200324,0.17714033,0.32691175,0.08432387
204,0.0,0.9890463,0.006619868,0.0034916122,0.00038566906,0.0004564976
205,2.0,0.18086165,0.10792147,0.3365932,0.2694378,0.105185844
206,0.0,0.9938221,0.004238318,0.0013344627,0.00033566644,0.00026940068
207,0.0,0.9710217,0.016194416,0.007855522,0.0030845792,0.0018438539
208,4.0,0.22814953,0.12843977,0.21608505,0.24528119,0.18204448
209,3.0,0.7062966,0.09901093,0.030445527,0.15066116,0.0135858245
210,0.0,0.9864565,0.008249902,0.001542733,0.0031720495,0.0005788599
211,2.0,0.17934991,0.1537155,0.2399136,0.30571473,0.12130618
212,3.0,0.13841738,0.27756503,0.2027094,0.3209804,0.060327813
213,4.0,0.21883605,0.13809542,0.29836136,0.19645588,0.14825132
214,3.0,0.20934115,0.1156291,0.34496197,0.20954782,0.120519966
215,4.0,0.4929309,0.11610101,0.21822487,0.09368146,0.079061784
216,0.0,0.97765064,0.015676718,0.0039581726,0.0019161741,0.00079821935
217,0.0,0.9662371,0.013830823,0.013140523,0.004123791,0.0026677398
218,0.0,0.9990397,0.0005618995,0.00019388158,9.881889e-05,0.00010558707
219,0.0,0.95495224,0.019604865,0.01966133,0.0028690342,0.0029126117
220,0.0,0.8363281,0.083136015,0.049935475,0.020088807,0.010511689
221,1.0,0.2271063,0.19534077,0.2201623,0.22914512,0.12824547
222,2.0,0.29861075,0.19092956,0.24731155,0.15585755,0.10729057
223,0.0,0.9563516,0.022670768,0.014433214,0.0034119606,0.003132595
224,0.0,0.92086905,0.043432213,0.019961594,0.011285337,0.004451783
225,3.0,0.17953673,0.12836954,0.2544145,0.29863113,0.13904816
226,2.0,0.21540405,0.107133724,0.27949744,0.23950498,0.15845978
227,1.0,0.21617025,0.16832393,0.2738119,0.20952533,0.13216864
228,0.0,0.35030267,0.11442602,0.2741789,0.1629637,0.09812878
229,0.0,0.73265946,0.14399797,0.057693318,0.04903714,0.016612083
230,1.0,0.45275673,0.20475473,0.18030141,0.09921875,0.06296841
231,0.0,0.9768976,0.015562765,0.0043839966,0.0018843764,0.0012713015
232,1.0,0.2983168,0.17108789,0.2396961,0.18396018,0.106938995
233,1.0,0.3881057,0.34229392,0.16814561,0.05919553,0.04225927
234,0.0,0.32936904,0.13527422,0.23548107,0.18602751,0.11384813
235,2.0,0.27725577,0.16335043,0.28598773,0.16534755,0.10805855
236,4.0,0.2771543,0.1729579,0.21473107,0.20022318,0.13493356
237,1.0,0.21475613,0.22160636,0.28649154,0.19852556,0.07862036
238,4.0,0.23091955,0.29700992,0.2082489,0.14017639,0.12364523
239,1.0,0.95020777,0.029579515,0.009819935,0.007315314,0.0030775033
240,4.0,0.3334129,0.15168792,0.22274649,0.17859899,0.11355367
241,4.0,0.18806106,0.12741847,0.28430527,0.25824177,0.1419734
242,0.0,0.3829155,0.13243435,0.24991813,0.13434586,0.10038614
243,3.0,0.15216106,0.21399112,0.2566314,0.25138435,0.1258321
244,1.0,0.4892308,0.26931772,0.1283442,0.06573503,0.04737215
245,0.0,0.9758381,0.013832627,0.007650819,0.0010229079,0.0016554397
246,0.0,0.9536731,0.024881553,0.014559526,0.0030793692,0.0038064993
247,4.0,0.46419263,0.1400708,0.2190517,0.073359355,0.10332553
248,0.0,0.9597652,0.0196966,0.012968456,0.0044127055,0.0031570245
249,3.0,0.12987335,0.12869887,0.27925703,0.35683742,0.10533329
250,0.0,0.9884799,0.0065677864,0.003619276,0.0006924998,0.00064052595
251,3.0,0.014028847,0.002291231,0.0025390775,0.97847384,0.002666977
252,0.0,0.18139435,0.15038674,0.24236831,0.32298306,0.102867514
253,1.0,0.1506289,0.15750198,0.23535825,0.3068783,0.14963262
254,1.0,0.4954338,0.28760993,0.10681005,0.067424856,0.042721383
255,2.0,0.1615882,0.11808918,0.30318728,0.28556362,0.1315717
256,0.0,0.91802645,0.04810574,0.018142754,0.010798313,0.004926754
257,2.0,0.17968422,0.12965363,0.3049659,0.23081657,0.1548797
258,2.0,0.2071221,0.23089717,0.29776847,0.16598988,0.09822239
259,2.0,0.15374738,0.10749584,0.32515585,0.29257697,0.121024
260,2.0,0.25185385,0.40531307,0.17785947,0.10364262,0.06133103
261,0.0,0.9962205,0.0017057004,0.0014856932,0.00038628656,0.00020184269
262,3.0,0.14315446,0.11518043,0.19197258,0.3952294,0.1544632
263,4.0,0.14424045,0.16136086,0.3061265,0.26091808,0.12735413
264,3.0,0.10052182,0.1863758,0.25612897,0.37685803,0.08011535
265,0.0,0.25419843,0.1251933,0.3040351,0.18236144,0.13421175
266,0.0,0.98703104,0.006286519,0.004990175,0.00113867,0.00055362773
267,0.0,0.47966045,0.15886405,0.18256915,0.10340657,0.07549975
268,2.0,0.3391945,0.1491369,0.286936,0.13575532,0.08897723
269,2.0,0.3723346,0.21797147,0.20992325,0.11829728,0.08147336
270,1.0,0.29548118,0.15149015,0.26704252,0.1581129,0.12787324
271,0.0,0.99541533,0.003351165,0.0007249359,0.00026944553,0.00023906407
272,0.0,0.65519583,0.13450122,0.103621945,0.06739311,0.039287895
273,0.0,0.32103306,0.19640207,0.19962269,0.19152933,0.091412894
274,0.0,0.98589295,0.008242413,0.003604967,0.0011681105,0.0010916061
275,1.0,0.278514,0.37709013,0.20140167,0.0956281,0.04736613
276,2.0,0.22572337,0.16291249,0.2829894,0.1948498,0.13352492
277,0.0,0.98554194,0.009336598,0.0032081995,0.0011316768,0.00078151305
278,0.0,0.97322685,0.014483256,0.0074105025,0.0027964555,0.0020829998
279,1.0,0.3881528,0.31508893,0.1422494,0.08793243,0.066576496
280,2.0,0.27093142,0.13925901,0.2517184,0.22717738,0.11091379
281,2.0,0.91135854,0.042488623,0.028360305,0.013239723,0.0045527937
282,3.0,0.53548044,0.11811409,0.18944936,0.095749415,0.061206724
283,0.0,0.9997874,9.812063e-05,4.3655193e-05,4.918758e-05,2.1703356e-05
284,0.0,0.9592113,0.022599578,0.00936561,0.0055963425,0.0032271855
285,1.0,0.22519135,0.1865785,0.24979924,0.24427514,0.09415585
286,0.0,0.9823215,0.008857962,0.0063862596,0.001279287,0.0011549478
287,2.0,0.21098848,0.1616206,0.22505839,0.24636833,0.15596424
288,1.0,0.13231608,0.12193541,0.29247174,0.2892326,0.16404417
289,0.0,0.7761592,0.09504035,0.07621019,0.029892465,0.022697767
290,0.0,0.16751152,0.13857542,0.23832121,0.32106814,0.1345237
291,2.0,0.22938916,0.26603177,0.19711153,0.23086949,0.07659809
292,3.0,0.10355564,0.24762438,0.17670734,0.41186905,0.060243644
293,0.0,0.99187183,0.004259024,0.0025612393,0.0008182236,0.00048970035
294,0.0,0.9970456,0.001698018,0.0005943331,0.00050460844,0.00015752464
295,2.0,0.1827698,0.16931832,0.26108062,0.30125692,0.08557433
296,0.0,0.9889721,0.0062055252,0.003302212,0.00084874366,0.00067139167
297,1.0,0.3208435,0.35924408,0.17338713,0.09640375,0.0501215
298,2.0,0.41816655,0.35807565,0.14331639,0.0496549,0.03078652
299,2.0,0.1818981,0.13416295,0.27699545,0.28326842,0.12367508
300,2.0,0.5660191,0.112030275,0.25513014,0.027545536,0.03927493
301,2.0,0.11962003,0.09910252,0.25930193,0.37951773,0.14245784
302,0.0,0.2840541,0.13357213,0.20499502,0.2513908,0.12598795
303,3.0,0.22823909,0.12152684,0.28079024,0.22012039,0.1493234
304,0.0,0.24891515,0.14980307,0.29396653,0.18192352,0.1253917
305,0.0,0.9962412,0.0017341579,0.0010830959,0.00056141586,0.00038012737
306,3.0,0.8485407,0.069818586,0.05194953,0.01755425,0.012136933
307,0.0,0.98726857,0.0069397464,0.0036183796,0.0010364295,0.0011368225
308,2.0,0.33293986,0.184169,0.2676352,0.13784306,0.07741285
309,1.0,0.31125933,0.311456,0.16008238,0.14871669,0.06848561
310,0.0,0.9897601,0.0048063085,0.004238372,0.00065386866,0.0005413439
311,0.0,0.9997738,6.683776e-05,6.2833315e-05,6.185221e-05,3.4738292e-05
312,2.0,0.2973384,0.27106544,0.26449126,0.10886488,0.058240015
313,0.0,0.42983577,0.16940776,0.194211,0.1246995,0.081845894
314,3.0,0.1202122,0.12620687,0.26749614,0.32402778,0.16205706
315,0.0,0.91691744,0.03706106,0.030011287,0.007889313,0.00812092
316,2.0,0.8227038,0.09094367,0.056008272,0.017884655,0.012459604
317,2.0,0.42998508,0.12391189,0.2086476,0.15634136,0.08111413
318,0.0,0.5161173,0.182771,0.15650345,0.09690773,0.04770055
319,2.0,0.165629,0.13879484,0.32055816,0.2548297,0.12018826
320,0.0,0.9049545,0.036735088,0.033019118,0.016163766,0.009127469
321,3.0,0.20463087,0.15079731,0.24631415,0.2554986,0.14275908
322,3.0,0.15164635,0.1452203,0.25135544,0.30582905,0.14594887
323,0.0,0.95022035,0.030900996,0.012588308,0.003414509,0.0028758517
324,2.0,0.16053341,0.12197913,0.29653588,0.30263266,0.11831884
325,2.0,0.29733288,0.1130852,0.38093773,0.17237699,0.0362673
326,0.0,0.8546043,0.0062879827,0.035700414,0.0020524394,0.10135487
327,0.0,0.99091995,0.00686931,0.0012369145,0.0006231338,0.00035076085
328,3.0,0.13663857,0.12599498,0.23683849,0.35879737,0.14173064
329,0.0,0.34372458,0.15034989,0.23381288,0.17807896,0.094033726
330,0.0,0.19231468,0.11033571,0.26640114,0.29408312,0.1368653
331,1.0,0.28539848,0.13914742,0.2606998,0.21080424,0.1039501
332,0.0,0.87457174,0.08482022,0.021487314,0.012332473,0.0067883315
333,2.0,0.4115364,0.31957936,0.15374835,0.070167065,0.044968814
334,0.0,0.99740976,0.0017349556,0.0006530517,0.0001050569,9.7294156e-05
335,1.0,0.32147938,0.5881157,0.0077594924,0.08016469,0.0024807828
336,0.0,0.85978353,0.07223738,0.037706427,0.019837825,0.0104347905
337,0.0,0.9995103,0.0002962999,8.821555e-05,5.005447e-05,5.515636e-05
338,0.0,0.2308508,0.14528672,0.26678884,0.21019833,0.14687528
339,3.0,0.14411728,0.15361346,0.2665838,0.28805146,0.14763398
340,3.0,0.107233584,0.14989093,0.30295444,0.32238948,0.11753154
341,1.0,0.17052221,0.12822363,0.29038805,0.27461207,0.13625398
342,3.0,0.21711159,0.13193195,0.28481233,0.25252804,0.113616094
343,1.0,0.20246576,0.2195456,0.26366583,0.22719146,0.08713137
344,0.0,0.9650936,0.024127994,0.0061806613,0.0028864967,0.0017112973
345,2.0,0.19251214,0.14278598,0.26809344,0.25921035,0.13739805
346,3.0,0.40793702,0.3671187,0.01900889,0.20069814,0.00523725
347,0.0,0.99901795,0.0006628677,0.00017404198,9.842238e-05,4.674646e-05
348,2.0,0.15893191,0.11694326,0.29900312,0.30592716,0.11919454
349,2.0,0.25809148,0.25443873,0.27754566,0.13424994,0.075674154
350,2.0,0.26841962,0.14954455,0.242985,0.22069407,0.11835675
351,0.0,0.9691134,0.014979942,0.009769256,0.0024263465,0.0037111402
352,2.0,0.87162495,0.024617422,0.05547665,0.017330991,0.030949999
353,2.0,0.28190506,0.14306013,0.2991102,0.1629317,0.11299299
354,2.0,0.26123944,0.123643875,0.30636227,0.1695644,0.13918997
355,0.0,0.58344877,0.21722285,0.1265574,0.044626676,0.028144324
356,0.0,0.8806536,0.05570741,0.04033979,0.01742737,0.005871852
357,0.0,0.92723626,0.030663041,0.028591612,0.006707281,0.0068018856
358,1.0,0.9821976,0.013755439,0.0015883794,0.0018727431,0.0005857482
359,2.0,0.19545956,0.351302,0.24445912,0.1383077,0.07047158
360,0.0,0.3042116,0.16933878,0.2402107,0.14746249,0.13877635
361,0.0,0.9623137,0.016070439,0.0151963625,0.0026898037,0.0037297027
362,0.0,0.8455266,0.046825785,0.069516,0.02139432,0.016737219
363,3.0,0.14647679,0.2534056,0.18409395,0.35026732,0.06575639
364,0.0,0.99218714,0.005243554,0.0011205669,0.0010261848,0.0004225208
365,2.0,0.15032555,0.10309758,0.3342945,0.28952757,0.12275487
366,1.0,0.24156603,0.37747517,0.20591226,0.11374682,0.061299764
367,0.0,0.995776,0.0029874772,0.00040428314,0.00061467435,0.00021763086
368,0.0,0.94156605,0.03238289,0.014652146,0.007493265,0.0039055888
369,4.0,0.25868616,0.24850218,0.2253719,0.14508596,0.122353815
370,0.0,0.986904,0.0080242865,0.0030965973,0.0011947034,0.0007803119
371,0.0,0.9992354,0.0005581723,9.178658e-05,7.43253e-05,4.0205654e-05
372,2.0,0.19537906,0.117679164,0.27026692,0.27705783,0.13961709
373,1.0,0.16879222,0.38686696,0.18290623,0.18221855,0.07921599
374,4.0,0.19094075,0.1192202,0.28665766,0.27610713,0.12707423
375,3.0,0.26199728,0.12526117,0.25949156,0.23166694,0.121583
376,0.0,0.9999734,1.2765037e-05,5.2413343e-06,4.718886e-06,3.772107e-06
377,2.0,0.25196412,0.1315261,0.28169996,0.1946694,0.14014038
378,3.0,0.14210105,0.11024639,0.2509015,0.38682994,0.10992116
379,1.0,0.3209913,0.18631057,0.2542843,0.14253202,0.095881835
380,1.0,0.17098255,0.23880877,0.26417857,0.20965208,0.11637801
381,0.0,0.995181,0.0032893002,0.0005965807,0.00061784085,0.00031526052
382,1.0,0.5990384,0.15117069,0.14468855,0.07112569,0.033976685
383,3.0,0.1178923,0.23710755,0.084524326,0.5247774,0.035698406
384,2.0,0.14030254,0.101852365,0.3053319,0.30628574,0.14622748
385,3.0,0.19585018,0.12579103,0.26832202,0.27210197,0.13793473
386,0.0,0.87173027,0.06989627,0.040087946,0.010351317,0.007934166
387,0.0,0.9993387,0.00047486485,9.207067e-05,6.031483e-05,3.412852e-05
388,0.0,0.3164589,0.16881609,0.22213086,0.17588745,0.11670672
389,2.0,0.13513196,0.09282686,0.28813475,0.3461276,0.13777883
390,0.0,0.98586637,0.0074587683,0.003256441,0.0007879957,0.0026303234
391,0.0,0.9322916,0.03134014,0.025313117,0.00547026,0.005584946
392,2.0,0.2575133,0.32202852,0.20590727,0.14342232,0.071128555
393,0.0,0.94922566,0.024514575,0.01675903,0.0062864376,0.0032143153
394,2.0,0.2622449,0.16792701,0.3099078,0.16139248,0.09852783
395,0.0,0.9999355,3.263437e-05,1.5840085e-05,6.239567e-06,9.752765e-06
396,0.0,0.8755247,0.10940245,0.003163766,0.010706711,0.0012023244
397,0.0,0.9770055,0.016180258,0.0041959607,0.0016742174,0.000944079
398,0.0,0.980962,0.012842282,0.0034396418,0.0015280482,0.0012279724
399,3.0,0.20509489,0.12572153,0.24890779,0.28400546,0.13627033
400,0.0,0.9994178,0.00028091017,0.00012447055,0.00012157153,5.525001e-05
401,3.0,0.15159547,0.107593656,0.24037392,0.3981708,0.10226621
402,3.0,0.13954557,0.09930419,0.2542642,0.36920318,0.1376829
403,0.0,0.99314755,0.0040106587,0.0019564163,0.0005309903,0.00035438503
404,0.0,0.34244126,0.11805021,0.28806615,0.16373174,0.08771069
405,2.0,0.6752316,0.19569112,0.08334312,0.026605438,0.019128723
406,0.0,0.7133302,0.15218551,0.06544963,0.048726752,0.020307915
407,3.0,0.1603898,0.11977531,0.27072906,0.30940804,0.13969778
408,3.0,0.28984773,0.12075974,0.21753807,0.216697,0.1551574
409,4.0,0.17151634,0.14241837,0.2799666,0.2539693,0.15212938
410,3.0,0.51440734,0.09853023,0.20083702,0.11452226,0.07170316
411,0.0,0.9997533,0.00015716704,4.149451e-05,3.2483247e-05,1.5588663e-05
412,0.0,0.80242586,0.067266285,0.07450499,0.0357902,0.020012645
413,0.0,0.14050941,0.11408019,0.20866396,0.3640344,0.17271198
414,3.0,0.20282017,0.121495515,0.28135732,0.23794214,0.15638487
415,4.0,0.28956932,0.21190198,0.23060212,0.17301583,0.09491075
416,0.0,0.98903686,0.0067467936,0.0033728096,0.00037365354,0.00046985605
417,2.0,0.15421006,0.12762427,0.34143743,0.25879928,0.117929004
418,0.0,0.40374646,0.12715963,0.2136585,0.15833463,0.09710077
419,3.0,0.13232116,0.11060121,0.2613765,0.33936054,0.15634051
420,4.0,0.17953542,0.12512057,0.2272181,0.30039,0.16773587
421,0.0,0.9873175,0.006627101,0.004147094,0.0009451984,0.0009631507
422,0.0,0.99689937,0.0021723413,0.00052618113,0.00023952553,0.00016260258
423,2.0,0.34932598,0.1491929,0.23956072,0.15563701,0.10628338
424,4.0,0.19763874,0.15690598,0.2860121,0.21789649,0.14154665
425,2.0,0.348053,0.1331265,0.24755868,0.18067943,0.09058242
426,0.0,0.83109367,0.07085263,0.066408835,0.011695918,0.019948995
427,0.0,0.9747618,0.016682053,0.005884407,0.0016020674,0.0010696294
428,3.0,0.21972677,0.122151494,0.2512431,0.3037334,0.103145234
429,4.0,0.3920766,0.104419045,0.21393007,0.15126601,0.13830823
430,0.0,0.32989126,0.13819112,0.26061925,0.17197773,0.09932058
431,0.0,0.70848083,0.0878527,0.1094287,0.0557938,0.038443983
432,0.0,0.30206227,0.15232672,0.21142389,0.23147416,0.10271299
433,1.0,0.445966,0.27884814,0.17871855,0.04124053,0.05522673
434,0.0,0.98830914,0.006053919,0.0043352908,0.00071803434,0.0005836626
435,0.0,0.9798891,0.013376161,0.0045096176,0.0013043337,0.0009208555
436,0.0,0.8847118,0.047349665,0.040086575,0.017686184,0.0101658
437,3.0,0.3165619,0.32705137,0.1950487,0.09486039,0.06647758
438,0.0,0.9995628,0.0001808023,9.4484465e-05,0.00011102562,5.0854454e-05
439,1.0,0.37969843,0.21269675,0.2621012,0.1052637,0.040239956
440,0.0,0.9962592,0.0020280462,0.0007198925,0.0006378834,0.0003549965
441,3.0,0.26054397,0.14315318,0.22306056,0.27010366,0.1031386
442,0.0,0.27306715,0.20177886,0.21544386,0.1965865,0.11312362
443,4.0,0.4901493,0.15572104,0.19257353,0.088799715,0.072756425
444,3.0,0.12757741,0.09647593,0.2669822,0.38288137,0.12608309
445,0.0,0.9984049,0.00047697866,0.0006324544,0.00035631808,0.00012938172
446,3.0,0.36930335,0.12594205,0.22202083,0.17709729,0.10563649
447,0.0,0.99389714,0.0046186117,0.0008208735,0.00035200518,0.00031135333
448,3.0,0.2515258,0.1574642,0.19893579,0.3073454,0.084728844
449,3.0,0.16801979,0.12927602,0.25265566,0.2991851,0.1508635
450,2.0,0.31060982,0.101338565,0.51882136,0.040259484,0.028970776
451,0.0,0.98843503,0.007068295,0.0016597803,0.0018657248,0.0009711958
452,3.0,0.27704737,0.1327526,0.23903587,0.2235558,0.12760837
453,2.0,0.457278,0.27942604,0.13706435,0.07318181,0.053049702
454,0.0,0.99450326,0.003493151,0.0010440164,0.0007814834,0.0001782025
455,0.0,0.99548507,0.0032832744,0.0008014408,0.0002693249,0.00016088721
456,0.0,0.13509388,0.12774336,0.25831735,0.34833634,0.13050903
457,0.0,0.36115637,0.12721138,0.2542269,0.18555762,0.07184773
458,2.0,0.3906035,0.24794012,0.23722273,0.074070714,0.050162926
459,2.0,0.19452846,0.19215505,0.2931735,0.21106121,0.10908176
460,2.0,0.72219944,0.10137167,0.0990603,0.051233713,0.026134837
461,0.0,0.94867915,0.031712797,0.011522758,0.004181103,0.0039041406
462,4.0,0.16650775,0.09795516,0.2505801,0.3365856,0.1483714
463,0.0,0.98466855,0.009401154,0.0031353023,0.0018723094,0.0009226976
464,0.0,0.8163816,0.08175138,0.05577306,0.028762238,0.017331788
465,0.0,0.93678576,0.03141743,0.020473195,0.005707978,0.0056156535
466,4.0,0.2602687,0.12474928,0.26168072,0.22431338,0.12898798
467,3.0,0.30792025,0.121241346,0.22678922,0.2349062,0.109142944
468,0.0,0.84688574,0.0678024,0.055815548,0.016718945,0.012777431
469,0.0,0.94653046,0.029980978,0.016579071,0.0047667124,0.002142737
470,2.0,0.08914235,0.2414392,0.17792462,0.45322216,0.038271695
471,1.0,0.58715177,0.25492364,0.09840782,0.032079868,0.02743684
472,3.0,0.3685985,0.16165902,0.2358134,0.15701762,0.07691151
473,1.0,0.74156713,0.13313915,0.083899975,0.025790919,0.015602823
474,0.0,0.9640916,0.02323352,0.007516193,0.003259306,0.0018993914
475,2.0,0.34345162,0.13143761,0.2768645,0.15453005,0.09371624
476,0.0,0.9797085,0.013318552,0.0036408931,0.0025529913,0.00077902904
477,0.0,0.8494062,0.10197074,0.022925805,0.016199062,0.0094981715
478,0.0,0.22818173,0.15431508,0.21030179,0.25680274,0.15039867
479,3.0,0.13118175,0.10308017,0.23816752,0.38776085,0.13980974
480,0.0,0.96996015,0.013673908,0.011143622,0.0029273962,0.0022948193
481,4.0,0.1275384,0.124713644,0.26244184,0.31912246,0.16618364
482,2.0,0.35570616,0.15984046,0.26832753,0.1274393,0.08868662
483,0.0,0.89647365,0.038585752,0.03782774,0.017669527,0.009443254
484,0.0,0.980455,0.012852709,0.004503177,0.0011118923,0.0010772356
485,0.0,0.30702433,0.1524857,0.22641203,0.20394184,0.11013609
486,2.0,0.14588796,0.09656161,0.32115704,0.31349736,0.122895986
487,0.0,0.8978355,0.07250847,0.0076647364,0.016536226,0.005454977
488,4.0,0.200143,0.2269278,0.25714594,0.17463298,0.14115024
489,2.0,0.21085295,0.15456186,0.26637527,0.23407601,0.13413389
490,0.0,0.99894327,0.00062783866,0.0001305919,0.00026128357,3.7006077e-05
491,1.0,0.3111837,0.6203637,0.0075937174,0.058411714,0.002447165
492,3.0,0.19735159,0.14622493,0.26056603,0.27868733,0.11717007
493,3.0,0.27223065,0.2837618,0.086404614,0.32088122,0.0367217
494,3.0,0.20795427,0.14003971,0.23654832,0.2639264,0.15153134
495,0.0,0.97775865,0.014949387,0.004862339,0.0015384032,0.0008912536
496,0.0,0.99735093,0.0019113695,0.00031272476,0.00029518927,0.00012986141
497,2.0,0.15947562,0.1177001,0.25942764,0.3171471,0.1462496
498,0.0,0.67017376,0.121421725,0.076896384,0.1080291,0.023479039
499,0.0,0.9475687,0.024076592,0.019351311,0.0050621456,0.003941147
500,4.0,0.16289097,0.12928988,0.20710528,0.36454716,0.13616674
501,2.0,0.25969702,0.16145073,0.322947,0.16877843,0.08712682
502,2.0,0.51636404,0.1062679,0.3088621,0.027504819,0.04100115
503,1.0,0.64064986,0.21531343,0.08386852,0.041182857,0.018985284
504,3.0,0.14930035,0.1121496,0.2793654,0.31053746,0.14864722
505,2.0,0.33061284,0.19759975,0.21249643,0.17829977,0.08099122
506,3.0,0.12870559,0.10691086,0.23646007,0.38454634,0.14337714
507,1.0,0.34501013,0.34093815,0.17381667,0.09107577,0.049159266
508,0.0,0.9767939,0.0095884325,0.007158924,0.0036936586,0.0027651459
509,0.0,0.26287454,0.17025265,0.25696486,0.20292985,0.106978014
510,0.0,0.994399,0.0029341595,0.0016215725,0.00052924384,0.0005159693
511,0.0,0.9467689,0.03705691,0.008779412,0.0051454874,0.0022493156
512,0.0,0.18319093,0.12990037,0.23090537,0.2920536,0.1639497
513,3.0,0.11764609,0.16310105,0.22598524,0.3399643,0.15330334
514,1.0,0.27603388,0.1717588,0.20284592,0.23658891,0.112772524
515,3.0,0.42194283,0.20447075,0.188533,0.112381354,0.072672084
516,0.0,0.3756769,0.14562322,0.24260817,0.1496506,0.0864411
517,0.0,0.86026496,0.066008374,0.043922435,0.01830212,0.011502081
518,3.0,0.15794644,0.1115434,0.22507116,0.35179445,0.15364459
519,0.0,0.9994752,0.00030974622,0.00011835963,5.3757187e-05,4.296873e-05
520,0.0,0.22302644,0.1229564,0.23969671,0.27951863,0.13480183
521,0.0,0.93835664,0.038148753,0.015003458,0.0061332276,0.0023579495
522,0.0,0.99985933,6.247174e-05,4.081659e-05,2.4013973e-05,1.32905925e-05
523,0.0,0.33950227,0.14875318,0.27541518,0.15821777,0.07811165
524,0.0,0.98453313,0.0077043176,0.005344116,0.001331351,0.0010871997
525,2.0,0.15829645,0.1358828,0.3313337,0.2288338,0.14565323
526,4.0,0.22449338,0.1403271,0.29164544,0.21682307,0.12671095
527,1.0,0.87923944,0.078181036,0.023783471,0.011788761,0.007007297
528,0.0,0.99634343,0.0016931932,0.0008349177,0.0004172475,0.00071105995
529,1.0,0.38993132,0.35126513,0.16533567,0.047981527,0.045486256
530,3.0,0.19572762,0.15393849,0.27580202,0.20888689,0.16564494
531,0.0,0.99023473,0.006061212,0.0014906579,0.0017976463,0.00041573585
532,2.0,0.33058643,0.12502779,0.26070508,0.16874406,0.1149367
533,2.0,0.18297121,0.17052038,0.25906426,0.26029575,0.1271484
534,0.0,0.9091578,0.045112766,0.031620678,0.008131091,0.0059776832
535,0.0,0.9397915,0.0378378,0.010741945,0.007867689,0.0037610016
536,0.0,0.9999851,5.653718e-06,3.074931e-06,3.136862e-06,3.0023486e-06
537,1.0,0.3079574,0.25503916,0.18411373,0.19718021,0.055709504
538,0.0,0.77204585,0.098825164,0.068059616,0.044884406,0.016184881
539,0.0,0.3318938,0.31494462,0.18073477,0.11320257,0.059224274
540,0.0,0.88503873,0.051269677,0.043539092,0.010660659,0.009491856
541,4.0,0.13795337,0.1197072,0.24919613,0.33320147,0.1599419
542,0.0,0.9937976,0.0039790706,0.0014629243,0.00038057147,0.00037978147
543,1.0,0.36745828,0.32344425,0.17089981,0.0770889,0.061108723
544,2.0,0.21056172,0.11605932,0.3377011,0.1953707,0.1403071
545,3.0,0.3124466,0.13594855,0.24281995,0.1897096,0.119075276
546,0.0,0.4479864,0.26042366,0.16833277,0.07570826,0.047548875
547,2.0,0.8304126,0.08974791,0.04927112,0.017279444,0.0132889375
548,1.0,0.9309464,0.04555259,0.0135969,0.0059704217,0.003933662
549,0.0,0.8831266,0.06275771,0.034469225,0.011878362,0.0077680172
550,0.0,0.24430247,0.12178345,0.1931973,0.2858728,0.154844
551,3.0,0.28328773,0.13537072,0.23260541,0.2389687,0.109767355
552,3.0,0.67341566,0.18964966,0.052043222,0.06429068,0.020600902
553,1.0,0.3478657,0.32238063,0.19661304,0.078406826,0.0547338
554,3.0,0.13536197,0.22913755,0.30555177,0.24521242,0.0847363
555,2.0,0.3363179,0.13855179,0.24580008,0.17679393,0.10253626
556,2.0,0.20782195,0.14245382,0.27372256,0.26738602,0.108615644
557,3.0,0.11835413,0.10938591,0.21624386,0.4029347,0.1530814
558,3.0,0.23377848,0.29057723,0.17754892,0.20377992,0.094315454
559,2.0,0.8247899,0.0851257,0.049132515,0.025393572,0.015558421
560,0.0,0.96149266,0.025297824,0.0070337723,0.0030070923,0.0031686602
561,2.0,0.19965725,0.1230802,0.30378962,0.25035065,0.12312234
562,0.0,0.9999472,1.6478207e-05,1.8618124e-05,7.803814e-06,9.886513e-06
563,0.0,0.9869992,0.007513611,0.0033760518,0.0012307962,0.00088030944
564,2.0,0.29981038,0.12704901,0.25345322,0.19497201,0.124715455
565,3.0,0.1456924,0.16460189,0.23484139,0.3327874,0.12207691
566,0.0,0.99957937,0.00031231417,4.9573733e-05,3.4724813e-05,2.4034556e-05
567,2.0,0.19829941,0.11081544,0.32935166,0.2212189,0.1403146
568,0.0,0.9666314,0.01623293,0.011473148,0.0032597978,0.0024026341
569,2.0,0.22083569,0.18467551,0.28046045,0.19476229,0.11926607
570,4.0,0.21337226,0.15791357,0.23946743,0.2557395,0.13350724
571,0.0,0.99991786,1.2233496e-05,3.41995e-05,1.0568203e-05,2.519917e-05
572,0.0,0.95661,0.026047956,0.011562586,0.0030451273,0.0027343906
573,0.0,0.29558825,0.13327055,0.2341867,0.20336008,0.13359444
574,3.0,0.15976134,0.12128272,0.22768001,0.34853902,0.14273694
575,4.0,0.2237876,0.18823157,0.26291212,0.18962184,0.13544686
576,1.0,0.28743756,0.31770492,0.20712692,0.103948355,0.083782256
577,1.0,0.3455698,0.16854054,0.21826957,0.17290358,0.09471656
578,2.0,0.2337135,0.120682664,0.30978978,0.224716,0.11109803
579,0.0,0.27057523,0.13289778,0.2591247,0.21832916,0.11907319
580,0.0,0.35786885,0.3303319,0.18152298,0.08467656,0.04559975
581,0.0,0.97264725,0.019887056,0.0041467706,0.0018446427,0.0014742455
582,3.0,0.8842133,0.06281598,0.026204707,0.021987602,0.004778417
583,1.0,0.35918987,0.5877012,0.013028235,0.03576905,0.0043116584
584,2.0,0.35787222,0.22115871,0.2303259,0.11281559,0.07782764
585,3.0,0.14898497,0.1522717,0.27183476,0.31499296,0.11191558
586,1.0,0.26232705,0.1566725,0.27049842,0.19067217,0.119829796
587,1.0,0.81048554,0.1255231,0.036976606,0.018813685,0.008201014
588,0.0,0.9759001,0.013760625,0.0074887667,0.0013918323,0.0014586535
589,0.0,0.987666,0.00858212,0.0021813673,0.000984941,0.0005855531
590,2.0,0.24101612,0.13078547,0.55492145,0.04497029,0.028306672
591,0.0,0.9990478,0.00068509206,0.00012997126,8.483078e-05,5.2238163e-05
592,2.0,0.2629168,0.16913395,0.30211788,0.18043484,0.08539658
593,4.0,0.30290475,0.11451181,0.2659333,0.17984827,0.13680194
594,3.0,0.15679218,0.21718685,0.23450656,0.2823476,0.109166846
595,0.0,0.34241626,0.13849191,0.22683732,0.19953687,0.09271767
596,0.0,0.865143,0.071638376,0.036037456,0.017747454,0.009433666
597,0.0,0.999923,5.225267e-05,4.685085e-06,1.2613037e-05,7.5160756e-06
598,0.0,0.9402579,0.027496502,0.019169532,0.0075282985,0.0055477913
599,3.0,0.1775356,0.14070635,0.22980848,0.32639864,0.12555088
600,1.0,0.24747661,0.11941511,0.25106606,0.24873498,0.13330725
601,1.0,0.3461468,0.33534542,0.15860778,0.10125372,0.058646347
602,0.0,0.7290396,0.086581476,0.03046421,0.13569435,0.018220363
603,0.0,0.9906227,0.0056315255,0.0028948786,0.00040076126,0.00045014903
604,2.0,0.31185225,0.11924505,0.29677227,0.17421393,0.09791646
605,0.0,0.2935728,0.1394649,0.20111896,0.24438874,0.121454574
606,3.0,0.28009397,0.15331528,0.23771113,0.21324149,0.115638174
607,0.0,0.9998272,0.00010503951,2.7630591e-05,2.7862123e-05,1.2281023e-05
608,0.0,0.9610418,0.022728184,0.010429039,0.0032218262,0.0025791007
609,0.0,0.31660613,0.11148142,0.24402773,0.21551201,0.112372704
610,2.0,0.3222459,0.12872599,0.27846855,0.15932408,0.11123549
611,0.0,0.9804412,0.013563496,0.0036537384,0.0012998766,0.0010417232
612,1.0,0.30030662,0.16997258,0.23994353,0.17679626,0.11298096
613,3.0,0.15272938,0.33984032,0.07566901,0.40851456,0.023246747
614,3.0,0.19777551,0.0928964,0.2675141,0.34030026,0.10151369
615,2.0,0.36823386,0.1853588,0.23834804,0.1268781,0.08118122
616,1.0,0.43127388,0.22245525,0.18590117,0.116976075,0.043393653
617,0.0,0.99707866,0.0014926277,0.0007688226,0.000384746,0.0002752187
618,2.0,0.9202935,0.048866663,0.018789994,0.009314791,0.0027351216
619,0.0,0.87321615,0.051112264,0.05306668,0.010990199,0.011614629
620,4.0,0.12316467,0.12910177,0.26106924,0.29242852,0.1942358
621,0.0,0.9982167,0.00082335365,0.0006517886,0.00019984724,0.000108278946
622,0.0,0.9999908,2.3431974e-07,1.2284703e-06,4.3014493e-06,3.4644927e-06
623,3.0,0.23798648,0.18948962,0.23837732,0.24956243,0.08458426
624,0.0,0.96446335,0.022114249,0.0072261314,0.004073044,0.0021232008
625,0.0,0.9839877,0.011027771,0.0033546006,0.0009813515,0.00064862904
626,0.0,0.8498214,0.06309686,0.0536639,0.019980896,0.01343689
627,0.0,0.949631,0.030056948,0.01085094,0.0067562354,0.0027048686
628,3.0,0.24930745,0.11741773,0.25306854,0.27899945,0.1012068
629,2.0,0.38891006,0.3493648,0.14585148,0.08196388,0.033909764
630,2.0,0.8802716,0.07283836,0.02761646,0.012134483,0.0071390853
631,3.0,0.22475284,0.21171802,0.23695493,0.2253154,0.10125874
632,2.0,0.22088791,0.18490727,0.31950322,0.18472992,0.08997162
633,0.0,0.972193,0.011501245,0.009980446,0.0037523436,0.002572988
634,1.0,0.8049487,0.10184932,0.049705703,0.03177431,0.0117219845
635,2.0,0.20412545,0.13923971,0.2615128,0.25490355,0.14021848
636,2.0,0.12520163,0.12552702,0.26494595,0.33336523,0.1509602
637,0.0,0.2307977,0.16542055,0.3464229,0.16290006,0.094458796
638,0.0,0.6195012,0.2142634,0.08759056,0.041377526,0.03726734
639,3.0,0.23131146,0.26087093,0.14900696,0.31367293,0.045137636
640,1.0,0.3544426,0.33891258,0.15953948,0.09055673,0.056548603
641,2.0,0.6737418,0.11069486,0.13091154,0.048929974,0.035721824
642,0.0,0.99904317,0.0006918572,0.00012440718,8.205515e-05,5.849672e-05
643,0.0,0.95321137,0.021339403,0.01822955,0.0044572363,0.0027623347
644,0.0,0.9999957,1.4990981e-06,8.7924354e-07,8.49845e-07,1.1168316e-06
645,2.0,0.25303385,0.13504046,0.33561447,0.16999586,0.106315345
646,2.0,0.26552847,0.12622656,0.22609992,0.25586674,0.12627831
647,2.0,0.8514282,0.09492278,0.038245644,0.008177515,0.007225905
648,0.0,0.9997168,0.00017937075,3.9016777e-05,4.4946086e-05,1.9919764e-05
649,0.0,0.96957994,0.021415297,0.0055590007,0.002109559,0.0013362444
650,2.0,0.19017874,0.15004653,0.278944,0.259321,0.12150973
651,0.0,0.16421065,0.12157102,0.24601616,0.29185435,0.17634784
652,0.0,0.91798174,0.032088663,0.033563357,0.009796628,0.006569594
653,1.0,0.2832478,0.20414814,0.2326825,0.14526466,0.13465695
654,0.0,0.96669155,0.017378625,0.010245724,0.002721846,0.002962162
655,3.0,0.1149118,0.13477625,0.21882737,0.41567153,0.11581308
656,3.0,0.1742928,0.14769603,0.31030688,0.288052,0.07965231
657,1.0,0.71342677,0.15702434,0.07487447,0.034480296,0.020194218
658,3.0,0.19812006,0.17269038,0.2590445,0.27789277,0.092252344
659,0.0,0.94648856,0.025513532,0.017476927,0.0059542586,0.0045667277
660,2.0,0.17242134,0.13275112,0.315051,0.2512871,0.12848951
661,3.0,0.17315881,0.116234355,0.26739097,0.31446078,0.12875511
662,0.0,0.9949366,0.0035815153,0.00082787324,0.00041542322,0.00023866465
663,0.0,0.9851355,0.011344891,0.001691903,0.0012906326,0.0005370028
664,1.0,0.26871458,0.59018725,0.012882639,0.12253166,0.0056838887
665,2.0,0.9254958,0.04271001,0.018219635,0.009056441,0.0045180917
666,3.0,0.13843603,0.12013385,0.29397595,0.29779866,0.14965552
667,0.0,0.23509619,0.1329789,0.29713392,0.23573622,0.0990548
668,0.0,0.97888273,0.012555104,0.005878448,0.0013554513,0.0013282081
669,2.0,0.36385632,0.1489747,0.28293154,0.12925643,0.07498099
670,2.0,0.6675846,0.07477073,0.1431943,0.06955025,0.044900168
671,0.0,0.99972516,0.00018801562,3.5956415e-05,3.4440127e-05,1.6367914e-05
672,0.0,0.9826333,0.011640032,0.0019854708,0.0032698167,0.0004713415
673,2.0,0.39586338,0.1463327,0.2983588,0.098002024,0.06144305
674,0.0,0.9793818,0.013048071,0.0042021917,0.0023060292,0.0010618144
675,3.0,0.23262689,0.16062072,0.28547952,0.18757714,0.1336958
676,3.0,0.2550462,0.16607237,0.26436204,0.1984856,0.11603384
677,2.0,0.1848311,0.1361958,0.2649838,0.27939227,0.13459703
678,0.0,0.9977331,0.0018161684,0.0002488655,0.00012997066,7.191934e-05
679,4.0,0.14447822,0.15966175,0.2842733,0.24674562,0.16484116
680,1.0,0.18647833,0.12575226,0.2490655,0.26637375,0.17233014
681,2.0,0.24467644,0.12358593,0.32010174,0.19922177,0.11241408
682,3.0,0.18169269,0.1256242,0.23530862,0.3295809,0.12779362
683,3.0,0.12685688,0.19794035,0.2273395,0.33085272,0.11701056
684,0.0,0.9929301,0.0054975683,0.0010337307,0.00033078386,0.00020785064
685,0.0,0.9848874,0.010404809,0.0026842202,0.0012725756,0.00075109384
686,4.0,0.7919538,0.11388543,0.054581862,0.02612804,0.013450943
687,3.0,0.18183923,0.13039769,0.24598607,0.30972922,0.1320478
688,2.0,0.20160115,0.16949669,0.3162548,0.19915594,0.11349146
689,0.0,0.943902,0.026186824,0.019746361,0.0057722125,0.0043926337
690,0.0,0.9761456,0.012224195,0.007952637,0.00216756,0.0015099349
691,0.0,0.9980884,0.001163116,0.00043898573,0.00014969183,0.00015972558
692,0.0,0.9993986,0.00013015087,0.00018734844,0.00018018739,0.000103659884
693,4.0,0.55608654,0.13780995,0.17096741,0.10076973,0.034366388
694,0.0,0.9541859,0.02605946,0.010921084,0.0048674615,0.0039661857
695,2.0,0.13775565,0.10874047,0.23775321,0.38225725,0.1334934
696,1.0,0.38970074,0.18807551,0.22004922,0.10624305,0.09593144
697,4.0,0.24875754,0.18526332,0.23852846,0.19023809,0.1372126
698,0.0,0.99846554,0.0009789162,0.00013069174,0.00033220503,9.270331e-05
699,4.0,0.19066294,0.12259717,0.27137265,0.29334858,0.122018635
700,3.0,0.21635188,0.11293014,0.22158776,0.3110248,0.13810538
701,0.0,0.9322351,0.032052886,0.024627758,0.00659811,0.0044861753
702,3.0,0.23775949,0.13729768,0.24508622,0.27488196,0.104974695
703,0.0,0.9019102,0.06282658,0.019830545,0.00883671,0.006595873
704,0.0,0.9922524,0.0041009104,0.0021453172,0.0010152585,0.00048597908
705,0.0,0.9988078,0.0005913111,0.0002758401,0.0002071641,0.000117881056
706,0.0,0.78748333,0.08226772,0.07414312,0.037023906,0.019081902
707,0.0,0.95817596,0.023529934,0.008119542,0.0066751516,0.003499321
708,4.0,0.19984455,0.14636715,0.26478463,0.26752472,0.12147898
709,0.0,0.8137855,0.06985386,0.06808868,0.027119396,0.02115257
710,1.0,0.57461816,0.25228772,0.08251022,0.06285474,0.027729167
711,2.0,0.13819312,0.1179793,0.3638258,0.28323185,0.09676996
712,3.0,0.10916743,0.09251459,0.28448725,0.35622415,0.1576066
713,0.0,0.49341026,0.11195579,0.2002703,0.11920405,0.07515961
714,1.0,0.45523465,0.18598263,0.21845102,0.08377581,0.05655586
715,2.0,0.34490556,0.15390141,0.22267444,0.17629085,0.10222781
716,1.0,0.3579048,0.21194446,0.22645901,0.12312476,0.08056693
717,1.0,0.39317405,0.12254268,0.23177779,0.14912379,0.103381716
718,0.0,0.9940996,0.0040280926,0.0010502281,0.0005862595,0.00023588176
719,0.0,0.9833852,0.00818322,0.005079459,0.0024196187,0.000932573
720,0.0,0.3559948,0.12176669,0.2408113,0.189893,0.09153418
721,1.0,0.3222807,0.18083715,0.22715454,0.18731685,0.08241077
722,0.0,0.97366685,0.01585972,0.0057837544,0.0028856453,0.0018041022
723,0.0,0.9954014,0.0025661592,0.00092341995,0.0007583816,0.00035060404
724,0.0,0.99873906,0.0008764148,0.00020709078,0.00010173151,7.568946e-05
725,0.0,0.9934229,0.003209199,0.0024072975,0.0005692278,0.00039125714
726,3.0,0.18577552,0.14518069,0.23088752,0.31829038,0.11986593
727,3.0,0.1316043,0.10838552,0.29187316,0.32622135,0.14191568
728,0.0,0.9973622,0.0013817775,0.0005754686,0.000384097,0.00029656477
729,0.0,0.9996885,0.00016535398,7.306591e-05,4.2812102e-05,3.0310706e-05
730,0.0,0.1915714,0.126586,0.29129782,0.23103842,0.15950641
731,3.0,0.22932623,0.23884587,0.20172377,0.25002214,0.08008197
732,3.0,0.12920332,0.13510512,0.26805413,0.3470251,0.12061231
733,0.0,0.99571496,0.002724781,0.00078612636,0.00043801218,0.00033602107
734,2.0,0.3975459,0.28066784,0.18571216,0.086037576,0.05003652
735,2.0,0.24021506,0.11592995,0.36705953,0.15528917,0.121506244
736,0.0,0.36731306,0.37687984,0.13333155,0.08220664,0.040268842
737,3.0,0.26601842,0.34880424,0.18255252,0.15610206,0.046522714
738,1.0,0.2863386,0.41724694,0.16981569,0.083279885,0.043318845
739,0.0,0.22467566,0.15063867,0.26657447,0.27398035,0.08413084
740,1.0,0.92454344,0.046337187,0.018705549,0.005737807,0.004676024
741,1.0,0.18747588,0.1226778,0.2741584,0.2801684,0.13551946
742,1.0,0.30126354,0.14910801,0.24258384,0.21491185,0.092132755
743,0.0,0.98129684,0.010070394,0.005402934,0.001547199,0.0016826894
744,0.0,0.9950676,0.0026477952,0.0007926287,0.0011184986,0.0003734663
745,3.0,0.37306297,0.3119208,0.15603358,0.105293214,0.05368945
746,3.0,0.16670327,0.12525454,0.27149191,0.26253274,0.17401753
747,0.0,0.97638845,0.013186813,0.0071980148,0.0018893542,0.0013373999
748,2.0,0.33804563,0.2725365,0.20354104,0.10796654,0.077910304
749,0.0,0.9942578,0.004448753,0.00068074383,0.0003300821,0.00028268716
750,0.0,0.39376548,0.18851265,0.18654376,0.1426861,0.08849198
751,3.0,0.21675679,0.14769936,0.225325,0.28539854,0.12482029
752,2.0,0.30693185,0.16132773,0.22696705,0.18649977,0.11827361
753,2.0,0.83691645,0.06918422,0.06701001,0.013021913,0.013867427
754,2.0,0.22772561,0.15840773,0.29587147,0.2132229,0.10477227
755,3.0,0.1484451,0.11587442,0.24027508,0.3388823,0.15652318
756,1.0,0.27713737,0.4225815,0.1334552,0.10950314,0.057322763
757,2.0,0.24933363,0.22851321,0.35056347,0.119216286,0.052373454
758,2.0,0.20112291,0.1470081,0.29557922,0.230847,0.12544279
759,3.0,0.1426791,0.088970184,0.27240503,0.33334842,0.1625973
760,3.0,0.281054,0.18615761,0.27783635,0.16078125,0.094170816
761,3.0,0.15044546,0.16107823,0.262898,0.3336355,0.09194283
762,0.0,0.86222744,0.07517394,0.03982749,0.013744613,0.009026548
763,2.0,0.22802255,0.15551955,0.26430485,0.21944581,0.13270724
764,1.0,0.26285988,0.6162113,0.01027663,0.1061805,0.0044717127
765,2.0,0.23354737,0.1424784,0.29396546,0.20524165,0.124767125
766,0.0,0.963514,0.0146002965,0.014990236,0.0038900422,0.0030053665
767,2.0,0.36191994,0.14475438,0.26373702,0.14534657,0.08424212
768,2.0,0.21723843,0.18208985,0.27241722,0.22702679,0.101227716
769,0.0,0.9438727,0.031549983,0.014820425,0.005218892,0.0045379526
770,0.0,0.81022894,0.15257359,0.0067256456,0.028287007,0.002184922
771,0.0,0.9918417,0.0057341508,0.0010965616,0.0009861481,0.0003415038
772,2.0,0.7636905,0.10386483,0.09313209,0.026264679,0.013047975
773,2.0,0.3328683,0.13536923,0.24864152,0.16459845,0.118522495
774,0.0,0.91846496,0.047609363,0.018525055,0.009249953,0.0061506005
775,2.0,0.2700683,0.2767847,0.25012362,0.13728964,0.06573372
776,2.0,0.08965623,0.135939,0.2778796,0.4646744,0.031850796
777,1.0,0.22039264,0.3808647,0.1900818,0.1408729,0.067787915
778,1.0,0.2380753,0.2080079,0.20183843,0.23303269,0.11904571
779,0.0,0.94788355,0.037602775,0.007993311,0.0040796897,0.0024407553
780,3.0,0.22528277,0.13211665,0.25039816,0.25195718,0.14024523
781,1.0,0.96052206,0.02899961,0.005924482,0.002605076,0.0019487853
782,3.0,0.19989243,0.16942884,0.24838844,0.25697318,0.12531716
783,0.0,0.78696376,0.12009655,0.048158787,0.032872155,0.011908629
784,0.0,0.99604934,0.0030103477,0.00050252647,0.00029381405,0.00014401291
785,0.0,0.9749076,0.016890222,0.0047095995,0.0020704765,0.0014220002
786,2.0,0.19227563,0.18081824,0.33419865,0.19281906,0.099888414
787,4.0,0.24768288,0.15690488,0.24367304,0.23188321,0.11985596
788,3.0,0.2655099,0.5236614,0.017499665,0.18765813,0.0056708995
789,0.0,0.8903606,0.053428296,0.03699438,0.013398751,0.00581791
790,0.0,0.97622675,0.014601733,0.0055990494,0.002161144,0.001411341
791,2.0,0.17344223,0.10106699,0.30714297,0.27183565,0.14651215
792,0.0,0.9939501,0.003037914,0.0021742082,0.00049122726,0.00034648026
793,0.0,0.9889789,0.0061603943,0.0031742007,0.0009719382,0.00071457424
794,2.0,0.20449601,0.12749197,0.27884752,0.2670784,0.12208612
795,0.0,0.9919537,0.00584972,0.0012071516,0.0007686353,0.0002208891
796,2.0,0.22580078,0.17769271,0.25675875,0.2004625,0.13928527
797,2.0,0.63094217,0.17120929,0.13542627,0.039502315,0.022919994
798,2.0,0.26401648,0.13581935,0.2703485,0.19200124,0.13781446
799,0.0,0.999238,0.0004120742,0.00018341168,7.0148184e-05,9.6353535e-05
800,3.0,0.21054636,0.15786481,0.31690007,0.19500837,0.11968041
801,0.0,0.35115623,0.31829375,0.18338971,0.08846055,0.05869972
802,2.0,0.3173429,0.17082769,0.29837856,0.13245854,0.08099237
803,2.0,0.2137709,0.1423557,0.273383,0.21717934,0.15331109
804,1.0,0.18448885,0.1680526,0.23534302,0.25002986,0.16208571
805,0.0,0.97581744,0.012903333,0.0053605298,0.0048658713,0.0010528029
806,1.0,0.30392203,0.19460495,0.23757443,0.15967597,0.10422258
807,0.0,0.84284145,0.101579204,0.03380293,0.012069571,0.009706811
808,2.0,0.15357937,0.11678839,0.36015174,0.2678015,0.101679064
809,3.0,0.26540148,0.17611752,0.20954873,0.25924796,0.08968431
810,3.0,0.19436564,0.11521901,0.25224653,0.35064816,0.087520584
811,2.0,0.25638252,0.18395874,0.2913303,0.196533,0.07179546
812,2.0,0.15674888,0.10793825,0.2844119,0.34398368,0.106917314
813,4.0,0.18557553,0.11008244,0.3278096,0.2521052,0.12442727
814,3.0,0.1747877,0.112264924,0.28981242,0.31227392,0.11086111
815,0.0,0.84505767,0.058918964,0.05852093,0.020820428,0.016681967
816,1.0,0.33852372,0.21637098,0.24413788,0.117307074,0.08366028
817,1.0,0.470704,0.2385433,0.15834256,0.09242339,0.03998681
818,2.0,0.19305356,0.27567962,0.2929687,0.18261957,0.05567855
819,0.0,0.9999747,1.592163e-05,2.6069442e-06,3.4264172e-06,3.34394e-06
820,3.0,0.11367676,0.08611165,0.30802494,0.33214766,0.160039
821,3.0,0.22233467,0.15306446,0.20156088,0.29939386,0.12364609
822,2.0,0.17355254,0.12742835,0.33242202,0.24087974,0.12571736
823,2.0,0.18658786,0.19250329,0.31864053,0.23697352,0.06529477
824,2.0,0.2150058,0.11786543,0.32939383,0.22581483,0.11192006
825,0.0,0.36784038,0.17929976,0.2246233,0.1492173,0.07901924
826,3.0,0.28061467,0.11373742,0.294795,0.21465191,0.09620101
827,4.0,0.14470083,0.10286325,0.25670847,0.28053105,0.2151963
828,0.0,0.9952884,0.0023838945,0.0017920847,0.00021245352,0.00032323852
829,0.0,0.34123743,0.40908915,0.13703734,0.07855729,0.0340788
830,2.0,0.300304,0.13489014,0.29716915,0.15942645,0.108210295
831,0.0,0.44249636,0.13522242,0.19416954,0.1431162,0.08499552
832,0.0,0.1911488,0.12748055,0.28442255,0.27134204,0.1256061
833,3.0,0.16158131,0.13299887,0.22490184,0.35103148,0.12948652
834,0.0,0.9949162,0.0029452383,0.0010142054,0.0007366077,0.00038783066
835,2.0,0.32605323,0.2386582,0.24214445,0.13988003,0.053264074
836,3.0,0.4906087,0.1883779,0.09935785,0.19990677,0.021748817
837,0.0,0.44581664,0.2987661,0.14961772,0.05929715,0.04650243
838,3.0,0.24733843,0.17581616,0.26138285,0.21399815,0.1014644
839,0.0,0.23940001,0.1157313,0.23708032,0.2426332,0.1651552
840,0.0,0.9052557,0.052799873,0.024629185,0.008922253,0.008392967
841,0.0,0.65583205,0.14712113,0.10243962,0.0718668,0.022740427
842,0.0,0.9581059,0.023631046,0.0116886655,0.003762619,0.0028117332
843,3.0,0.24681613,0.12023636,0.21478304,0.3063676,0.11179683
844,2.0,0.2085485,0.15789734,0.32147303,0.19218175,0.11989936
845,2.0,0.17468672,0.2542571,0.28639022,0.18735458,0.097311415
846,0.0,0.98929006,0.007756881,0.0018057093,0.00067225983,0.00047510263
847,1.0,0.38175076,0.16831854,0.2844192,0.10808172,0.057429776
848,2.0,0.5312091,0.23241189,0.11133779,0.08431845,0.040722758
849,0.0,0.9993606,0.00044498485,0.000115149385,4.574847e-05,3.345747e-05
850,0.0,0.22181803,0.111768425,0.2524126,0.2735335,0.1404674
851,2.0,0.12748681,0.13211277,0.32841194,0.28722146,0.12476701
852,3.0,0.2642856,0.19126187,0.25898796,0.20480983,0.0806548
853,2.0,0.10258063,0.093800046,0.31389198,0.3318559,0.15787143
854,4.0,0.12898605,0.110747695,0.2647159,0.32824904,0.16730127
855,2.0,0.1403859,0.11113976,0.31107336,0.3084953,0.12890562
856,3.0,0.25812504,0.12807985,0.28969425,0.19841954,0.12568134
857,0.0,0.27929634,0.18622729,0.255319,0.16719688,0.11196046
858,0.0,0.42258278,0.14836858,0.21033369,0.12616517,0.09254977
859,0.0,0.94263905,0.0369645,0.01367295,0.0038093196,0.002914125
860,4.0,0.13882244,0.114765465,0.2682206,0.32771605,0.15047541
861,0.0,0.99327326,0.0046300385,0.0012149058,0.00056063395,0.00032122657
862,3.0,0.20382334,0.19509014,0.26026583,0.22770964,0.11311107
863,2.0,0.15560062,0.12342195,0.28501326,0.29622313,0.13974106
864,0.0,0.9916175,0.006817341,0.00079667906,0.00043936062,0.0003291167
865,0.0,0.9863647,0.007795862,0.0035082786,0.0015485688,0.0007826788
866,0.0,0.9971878,0.0021798285,0.00037632463,0.00014143121,0.000114649134
867,0.0,0.9608297,0.026786469,0.007713969,0.003069406,0.0016006328
868,4.0,0.18888111,0.20460159,0.21532793,0.24002026,0.15116914
869,2.0,0.28806543,0.13949023,0.28868973,0.20183295,0.08192164
870,0.0,0.98052657,0.009814556,0.0068665585,0.0012937982,0.0014985418
871,0.0,0.9414755,0.028660325,0.019172356,0.005999285,0.004692568
872,2.0,0.18814452,0.18008451,0.30522174,0.209725,0.11682421
873,0.0,0.9989078,0.00015420506,0.00020635684,8.13683e-05,0.00065023755
874,3.0,0.45547703,0.1487016,0.21855046,0.15316576,0.024105156
875,0.0,0.9941175,0.0038581367,0.0013156031,0.000411842,0.00029693585
876,3.0,0.29308388,0.25871384,0.17836909,0.23347175,0.03636151
877,1.0,0.19512722,0.2371628,0.26528156,0.17944196,0.12298648
878,3.0,0.4174417,0.16701725,0.2172141,0.12484776,0.07347914
879,3.0,0.1728366,0.13254163,0.27779683,0.2553162,0.16150881
880,0.0,0.90516853,0.04012488,0.03797174,0.0073885447,0.0093463445
881,0.0,0.98919034,0.0056399116,0.0029551825,0.0014741513,0.0007404557
882,0.0,0.8529304,0.08059107,0.017388817,0.04027085,0.0088189095
883,0.0,0.90099853,0.0366205,0.040006652,0.013446786,0.0089274505
884,1.0,0.22476774,0.23513342,0.21086694,0.21406537,0.1151665
885,3.0,0.39408475,0.45779708,0.012024009,0.13140996,0.0046842573
886,0.0,0.73596525,0.08014402,0.120617636,0.03397056,0.029302524
887,0.0,0.9998443,7.653966e-05,3.1739502e-05,2.0909998e-05,2.6422409e-05
888,3.0,0.2490596,0.13628575,0.25772342,0.25518444,0.10174681
889,1.0,0.24125478,0.20026588,0.22819087,0.20739979,0.12288867
890,3.0,0.5619092,0.21410222,0.120517395,0.06141781,0.04205332
891,0.0,0.28048462,0.15961184,0.26942277,0.16103707,0.12944368
892,3.0,0.2375601,0.18098345,0.19110751,0.2562515,0.13409741
893,1.0,0.35379794,0.42507496,0.11770699,0.06429259,0.03912758
894,0.0,0.30428013,0.17698838,0.21339938,0.1969138,0.1084183
895,1.0,0.31401753,0.3078081,0.17688781,0.13850453,0.06278202
896,1.0,0.3110707,0.16147143,0.20801204,0.20354745,0.11589836
897,3.0,0.43275207,0.17235479,0.16554096,0.15005077,0.07930143
898,3.0,0.29129645,0.11725558,0.30171028,0.19237556,0.09736209
899,3.0,0.1528535,0.14642765,0.30412108,0.26175058,0.13484725
900,0.0,0.959481,0.02006898,0.012127789,0.005016798,0.0033054377
901,4.0,0.17740509,0.10907721,0.26557025,0.30593818,0.14200924
902,0.0,0.28606507,0.15434358,0.25437582,0.19131991,0.113895625
903,2.0,0.27685773,0.11215603,0.29380402,0.20065728,0.11652496
904,0.0,0.28554684,0.15554465,0.24655959,0.2121266,0.10022237
905,2.0,0.5580766,0.2130944,0.16431774,0.044558566,0.019952677
906,4.0,0.1286032,0.04503304,0.08203503,0.040198375,0.70413035
907,3.0,0.15315962,0.14634229,0.2512954,0.2993643,0.14983837
908,0.0,0.99397683,0.004521477,0.0007652521,0.00049317157,0.00024327445
909,0.0,0.267702,0.13874826,0.26612535,0.21556897,0.11185539
910,0.0,0.99993896,3.618635e-05,1.00096295e-05,7.540491e-06,7.263344e-06
911,2.0,0.18443584,0.12934938,0.28953087,0.28028533,0.11639855
912,0.0,0.94827443,0.04136413,0.004254224,0.003148788,0.0029585047
913,0.0,0.46813732,0.24568433,0.16386054,0.072063595,0.05025419
914,2.0,0.29609928,0.3878898,0.15798119,0.11357698,0.04445274
915,2.0,0.21855943,0.14483893,0.28033575,0.20801057,0.1482553
916,2.0,0.7196133,0.091053784,0.12869526,0.038659804,0.021977806
917,0.0,0.27942336,0.14695685,0.2546663,0.22542304,0.093530506
918,0.0,0.9652644,0.020541834,0.0078041856,0.004619135,0.0017704084
919,0.0,0.98941296,0.007605788,0.0014836919,0.0009737303,0.00052396674
920,1.0,0.93494385,0.034859866,0.019180201,0.006867406,0.004148703
921,0.0,0.24714899,0.13383146,0.22214435,0.25525472,0.14162047
922,0.0,0.998845,0.0008472742,0.00017242566,7.8624485e-05,5.6680743e-05
923,0.0,0.99490464,0.0035741138,0.0007538277,0.0004871324,0.00028024125
924,0.0,0.9597078,0.004532305,0.016531246,0.013128081,0.00610057
925,4.0,0.14117,0.12127045,0.27257156,0.27627894,0.18870905
926,0.0,0.99675304,0.00189567,0.00084478443,0.00035384903,0.0001526067
927,2.0,0.20450845,0.10211696,0.30686504,0.25220135,0.1343082
928,0.0,0.97338516,0.010727719,0.009823724,0.003589969,0.0024733897
929,0.0,0.9764996,0.015780516,0.0051450892,0.0015064171,0.001068416
930,3.0,0.29871207,0.15934503,0.1798444,0.2921986,0.06989995
931,0.0,0.31130645,0.13108419,0.22123063,0.19850112,0.13787752
932,0.0,0.18413344,0.10799769,0.27211428,0.30190682,0.13384771
933,4.0,0.15845384,0.11373157,0.2638945,0.28004265,0.18387748
934,0.0,0.99099594,0.0053156153,0.0027675305,0.00045679527,0.0004641206
935,1.0,0.5015604,0.31334352,0.096565105,0.059659775,0.028871188
936,4.0,0.38315734,0.14810021,0.23110381,0.14553773,0.092100926
937,1.0,0.9634658,0.027720029,0.0056203394,0.0017866008,0.0014072384
938,0.0,0.39141136,0.28828198,0.14748871,0.111890614,0.060927305
939,1.0,0.19890046,0.105106845,0.25265047,0.28677213,0.15657008
940,2.0,0.21857429,0.12521827,0.32140777,0.20783268,0.12696706
941,1.0,0.468007,0.122613385,0.1904294,0.12935653,0.0895937
942,1.0,0.22504248,0.11572805,0.24524398,0.26039207,0.15359336
943,3.0,0.54486746,0.15593453,0.17356576,0.08071172,0.04492056
944,3.0,0.24581087,0.12203895,0.05129654,0.55666125,0.024192387
945,0.0,0.3360311,0.2033445,0.24152194,0.14773469,0.07136773
946,3.0,0.4323168,0.15115678,0.18725067,0.14607164,0.08320408
947,0.0,0.19935781,0.14747624,0.21450423,0.30439585,0.13426593
948,3.0,0.120864674,0.1435577,0.22530028,0.40666392,0.10361349
949,0.0,0.2742044,0.19369027,0.27623317,0.15440413,0.10146803
950,2.0,0.19182925,0.09352388,0.31290713,0.2888574,0.11288237
951,0.0,0.99557245,0.0027264415,0.0007824142,0.0006575532,0.0002611221
952,2.0,0.31277353,0.15793952,0.2686598,0.16499245,0.095634684
953,0.0,0.22382577,0.14068846,0.25931442,0.25350744,0.12266389
954,0.0,0.9958609,0.0024647897,0.0009883149,0.0004216772,0.00026438275
955,1.0,0.37335864,0.13238376,0.2179799,0.17264645,0.10363124
956,0.0,0.9977495,0.0010112879,0.0009124296,0.00014998675,0.00017686297
957,0.0,0.34121093,0.25779885,0.2184254,0.11906107,0.06350373
958,1.0,0.51115733,0.13944444,0.17536852,0.10871343,0.065316245
959,3.0,0.17235088,0.11291063,0.25632322,0.29670694,0.16170838
960,0.0,0.2292793,0.13570109,0.25225097,0.25064516,0.13212344
961,3.0,0.10195572,0.09323091,0.31045845,0.38354996,0.110804945
962,3.0,0.3239103,0.22254425,0.2105657,0.18731472,0.055664998
963,0.0,0.85258424,0.08162958,0.035793576,0.018518858,0.011473769
964,1.0,0.15246719,0.1322434,0.26960424,0.27777234,0.1679129
965,4.0,0.204478,0.11302459,0.3077185,0.25956348,0.11521536
966,3.0,0.17616598,0.12362626,0.2191616,0.32862082,0.15242535
967,2.0,0.9095867,0.03365575,0.039300587,0.010034675,0.007422379
968,0.0,0.9304438,0.033832487,0.023416787,0.0064738127,0.005833064
969,1.0,0.20053414,0.33776143,0.19443017,0.18107827,0.086195946
970,2.0,0.9121173,0.042450324,0.033917293,0.0052947993,0.00622028
971,4.0,0.30419675,0.19718352,0.2352065,0.15360986,0.10980339
972,0.0,0.42677763,0.09898051,0.21481721,0.1625507,0.0968739
973,0.0,0.9905471,0.005011176,0.003097137,0.00073377346,0.0006107052
974,0.0,0.32705384,0.12246436,0.2450825,0.18565771,0.119741604
975,0.0,0.9084191,0.0523601,0.02511135,0.008837777,0.005271609
976,1.0,0.13199687,0.11434614,0.31615472,0.3074577,0.1300446
977,0.0,0.988296,0.007287282,0.003030855,0.00070076063,0.0006851323
978,3.0,0.23168387,0.16516855,0.23486015,0.23762895,0.13065855
979,0.0,0.99943215,0.00027665426,0.000100048484,0.00013823449,5.2943946e-05
980,0.0,0.99396,0.004228013,0.0011950262,0.00027429117,0.00034255872
981,3.0,0.41432813,0.4131134,0.022073066,0.14553261,0.0049528624
982,0.0,0.983833,0.010038441,0.0027996069,0.0023885672,0.0009403099
983,4.0,0.2965937,0.12468756,0.28596136,0.17299776,0.11975957
984,2.0,0.25745818,0.14314695,0.27439782,0.2051583,0.11983877
985,0.0,0.42578223,0.16242146,0.19637588,0.13774887,0.07767162
986,1.0,0.99256176,0.0062917713,0.00052087964,0.00040503987,0.00022056462
987,3.0,0.23754139,0.16454804,0.21418926,0.25130835,0.13241294
988,0.0,0.99307394,0.002243415,0.0020998798,0.0002571069,0.0023256221
989,3.0,0.12134961,0.16851902,0.28839236,0.2792959,0.1424431
990,1.0,0.29805484,0.36598986,0.14837307,0.14640625,0.04117602
991,0.0,0.6120711,0.11535844,0.14717998,0.088784106,0.036606446
992,0.0,0.77971375,0.0918899,0.07684785,0.030693391,0.020855207
993,0.0,0.9069284,0.057562705,0.02203382,0.008990904,0.004484114
994,1.0,0.33305424,0.6123148,0.014247191,0.03603071,0.0043529742
995,3.0,0.12763785,0.23576032,0.14110588,0.42785743,0.067638524
996,3.0,0.22043993,0.16930923,0.22838347,0.25184065,0.13002676
997,0.0,0.23075221,0.12181696,0.27333575,0.23480369,0.13929138
998,2.0,0.20441072,0.11224939,0.31972566,0.2212246,0.14238967
999,2.0,0.22879194,0.13527066,0.27547106,0.22610956,0.1343568
1000,0.0,0.9149284,0.061671942,0.013023524,0.006757627,0.0036185167
1001,0.0,0.9856835,0.007980953,0.004615113,0.0008722246,0.0008481383
1002,2.0,0.17592983,0.13495454,0.29972112,0.27568096,0.113713495
1003,0.0,0.9180153,0.047729287,0.014820283,0.015578674,0.0038565237
1004,3.0,0.097777896,0.021342216,0.057219274,0.11628213,0.7073785
1005,0.0,0.943853,0.025445806,0.020118278,0.0056878175,0.0048950175
1006,2.0,0.3350238,0.14459483,0.2640895,0.13221271,0.12407919
1007,0.0,0.4809992,0.12378168,0.19519517,0.11604939,0.08397463
1008,0.0,0.9916785,0.003896956,0.0023823602,0.0012729833,0.00076921686
1009,2.0,0.36042792,0.32128236,0.19851376,0.06827292,0.051503014
1010,2.0,0.16963466,0.124418795,0.33096972,0.2578989,0.11707795
1011,0.0,0.380869,0.12803654,0.23779745,0.14506274,0.10823419
1012,4.0,0.1278736,0.13386045,0.26610628,0.28800362,0.18415597
1013,0.0,0.20485611,0.11386037,0.26265952,0.28502867,0.13359533
1014,3.0,0.3196998,0.15919304,0.23862062,0.18964203,0.09284458
1015,1.0,0.34249473,0.2639643,0.19178097,0.11696719,0.08479283
1016,0.0,0.9654354,0.020427527,0.009581766,0.0027032,0.0018522758
1017,3.0,0.71976095,0.13719124,0.08869182,0.031720527,0.022635467
1018,0.0,0.9976605,0.0014707901,0.0002923151,0.00043699614,0.00013938043
1019,2.0,0.2635552,0.18299004,0.2277958,0.21016371,0.11549525
1020,3.0,0.14241177,0.12284751,0.23393741,0.3482279,0.1525754
1021,3.0,0.16382167,0.13474444,0.2708688,0.3148803,0.11568473
1022,0.0,0.94214326,0.03994315,0.009596645,0.005729227,0.002587785
1023,0.0,0.9471953,0.027407441,0.018160524,0.0033397886,0.0038970215
1024,0.0,0.22660206,0.22142543,0.20111148,0.22306627,0.12779471
1025,3.0,0.11689614,0.1473611,0.19244215,0.4024302,0.14087038
1026,2.0,0.21680956,0.19837986,0.297995,0.20543559,0.081379935
1027,3.0,0.12464709,0.14265847,0.272815,0.3440378,0.115841694
1028,2.0,0.18136415,0.10287581,0.3259328,0.26422948,0.1255978
1029,0.0,0.44054484,0.12582871,0.21068257,0.14183961,0.08110426
1030,3.0,0.14969532,0.12781635,0.26787913,0.34355977,0.111049384
1031,3.0,0.25302875,0.13338362,0.25358394,0.22961597,0.13038772
1032,2.0,0.259836,0.15679744,0.28265676,0.20000353,0.100706235
1033,3.0,0.9063268,0.03884283,0.024442635,0.02362991,0.006757883
1034,0.0,0.99432385,0.004263301,0.00079543586,0.00046379887,0.0001536751
1035,3.0,0.10803856,0.10551569,0.26529977,0.41346037,0.10768556
1036,0.0,0.96421325,0.021683598,0.008680978,0.003168347,0.0022538397
1037,0.0,0.56877905,0.13526739,0.16728663,0.071176335,0.057490602
1038,0.0,0.7727482,0.11211538,0.07236283,0.023400882,0.019372705
1039,3.0,0.38375375,0.2919792,0.14353429,0.12788974,0.052842982
1040,0.0,0.25591528,0.1456414,0.26028833,0.21603182,0.12212317
1041,2.0,0.32827923,0.21443209,0.23679097,0.1342179,0.08627984
1042,0.0,0.9859908,0.008087892,0.0041032364,0.000803429,0.0010146498
1043,4.0,0.14503807,0.09901039,0.3081213,0.29797906,0.14985117
1044,2.0,0.2172651,0.1129029,0.30584395,0.2510442,0.112943895
1045,1.0,0.712823,0.1903012,0.023823969,0.0572308,0.01582103
1046,0.0,0.91406643,0.044743843,0.024814233,0.009178128,0.007197349
1047,3.0,0.15255652,0.09767286,0.21624921,0.4088669,0.12465442
1048,0.0,0.9847949,0.007870774,0.0033930736,0.0031009228,0.000840375
1049,3.0,0.26169562,0.13581374,0.2232839,0.2410332,0.1381735
1050,0.0,0.98744166,0.0067002485,0.004200358,0.0010096562,0.00064811873
1051,2.0,0.15503167,0.113734305,0.23235239,0.36346704,0.13541456
1052,1.0,0.13547179,0.39359787,0.19020942,0.22675888,0.05396207
1053,4.0,0.2930424,0.13450721,0.26033902,0.19006915,0.122042224
1054,3.0,0.24635175,0.12979785,0.2176235,0.25988108,0.14634588
1055,0.0,0.769396,0.10619833,0.07511161,0.026305962,0.022988137
1056,0.0,0.99973124,0.00010958599,8.897722e-05,3.057545e-05,3.9510935e-05
1057,0.0,0.2712197,0.12071009,0.29104066,0.18277629,0.13425323
1058,0.0,0.28646734,0.151928,0.22710267,0.23662657,0.09787538
1059,1.0,0.39654386,0.34037247,0.1465005,0.07666761,0.03991555
1060,3.0,0.15266238,0.09584593,0.23195672,0.37249017,0.14704475
1061,3.0,0.13986473,0.14293498,0.18377528,0.4228565,0.11056851
1062,0.0,0.8883429,0.07993121,0.016926588,0.009587321,0.0052118823
1063,0.0,0.934461,0.032092046,0.022488557,0.0067141354,0.0042441664
1064,4.0,0.76446754,0.10226848,0.083024226,0.020529255,0.029710464
1065,1.0,0.37182245,0.29966372,0.11189224,0.17439523,0.042226404
1066,3.0,0.25432375,0.15651079,0.30402938,0.16111222,0.124023855
1067,0.0,0.42754507,0.13141915,0.21967003,0.12618291,0.09518281
1068,1.0,0.19556057,0.19611365,0.22675304,0.2340561,0.14751656
1069,0.0,0.99368674,0.0028474214,0.0012315697,0.00037832718,0.001855934
1070,1.0,0.346303,0.34688547,0.15700512,0.092052,0.05775438
1071,2.0,0.5773612,0.13550487,0.19376494,0.060064983,0.03330396
1072,3.0,0.1939467,0.09868879,0.26531476,0.33253315,0.10951661
1073,0.0,0.9963496,0.0013978,0.001201282,0.00054302864,0.00050825917
1074,2.0,0.95840997,0.019783556,0.014022543,0.00534526,0.0024386821
1075,3.0,0.29826736,0.13661183,0.23487556,0.20911211,0.12113311
1076,0.0,0.2926827,0.12235648,0.31939065,0.17443459,0.091135554
1077,0.0,0.45956403,0.29997364,0.14448354,0.049844753,0.046134073
1078,3.0,0.22050127,0.124655195,0.23399432,0.2732361,0.14761308
1079,2.0,0.23379964,0.13076688,0.25718248,0.22912621,0.14912477
